Name,Company,Position,Salary
Alice Johnson,"Hernandez, Griffith and Nelson",Petroleum engineer,4740
David Jones,Gomez-Garcia,"Geologist, engineering",73329
Eva Brown,Blevins LLC,Microbiologist,83245
Frank Davis,Greene-Wilson,Museum education officer,74390
Jack Anderson,Butler PLC,"Scientist, research (maths)",69851
Kylie Thomas,"Chapman, Boyd and Ortega","Engineer, drilling",54655
Mia White,Ballard-White,Print production planner,77432
Noah Harris,Garcia LLC,Sports development officer,70194
Olivia Martin,"Booker, Edwards and Evans","Production assistant, television",27841
Peyton Garcia,Kennedy-Shepard,Publishing copy,93995
Quinn Robinson,Martin-Dodson,"Psychologist, counselling",16928
Ryan Clark,Johnson-Schultz,Claims inspector/assessor,66413
Tyler Walker,Johnson-Hunter,Ergonomist,47693
Uma King,Nunez Group,Adult guidance worker,27349
Victor Lee,"Davis, Watson and Horton","Engineer, broadcasting (operations)",33781
Wendy Hall,"Gonzalez, Welch and Buckley",Special educational needs teacher,87370
Xavier Young,Boyd LLC,"Psychologist, prison and probation services",24843
Yara Scott,Goodman-Nguyen,Financial planner,52412
Amy Campbell,Brown-Mcdaniel,Counsellor,62239
Brian Mitchell,Mueller Ltd,Automotive engineer,53529
Elena Roberts,"Hunt, Cox and Daniels",Communications engineer,11477
Felix Turner,"Smith, Sosa and Wright",Art gallery manager,88880
Gina Phillips,Delgado Group,"Radiographer, therapeutic",71938
Hugo Martinez,Ayala-Lopez,"Engineer, production",21735
Leo Howard,"Roberts, Bush and Wagner",Environmental education officer,71175
Riley Green,"Wheeler, Knight and Potter",Personal assistant,71762
Samantha Gonzalez,"Williams, Baker and Alvarado",Product manager,79541
Travis Ward,Jacobs-Torres,Print production planner,65969
Ulysses Simmons,Rodgers PLC,Environmental health practitioner,6122
Vivian Cook,Daugherty Group,Ambulance person,13920